<?xml version="1.0" encoding="UTF-8"?>
<window type="dialog" id="1124">
	<defaultcontrol always="true">9000</defaultcontrol>
	<include>Animation_DialogPopupOpenClose</include>
	<controls>
		<control type="group">
			<centerleft>50%</centerleft>
			<width>600</width>
			<centertop>60%</centertop>
			<height>700</height>
			<include content="DialogBackgroundCommons">
				<param name="width" value="600" />
				<param name="height" value="80" />
				<param name="header_label" value="Skin Customizing Tools" />
				<param name="header_id" value="" />
			</include>
			<control type="panel" id="9000">
				<include>ButtonMenuList</include>
				<onback>Dialog.Close(1124)</onback>
				<onback>ActivateWindow(1106)</onback>
				<content>
					<item>
						<label>Change Skin Color</label>
						<onclick>Dialog.Close(all)</onclick>
						<onclick>ActivateWindowAndFocus(interfacesettings,9000,0,-76,0)</onclick>
					</item>
					<item>
						<label>Enable/Disable Animations</label>
						<onclick>Dialog.Close(all)</onclick>
						<onclick>ActivateWindowAndFocus(skinsettings,9000,2,702,0)</onclick>
					</item>
				</content>
			</control>
		</control>
	</controls>
</window>
