<?xml version="1.0" encoding="UTF-8"?>
<window type="dialog" id="1130">
	<defaultcontrol always="true">9000</defaultcontrol>
	<include>Animation_DialogPopupOpenClose</include>
	<controls>
		<control type="group">
			<centerleft>50%</centerleft>
			<width>600</width>
			<centertop>60%</centertop>
			<height>700</height>
			<include content="DialogBackgroundCommons">
				<param name="width" value="600" />
				<param name="height" value="80" />
				<param name="header_label" value="Maintenance" />
				<param name="header_id" value="" />
			</include>
			<control type="panel" id="9000">
				<include>ButtonMenuList</include>
				<onback>Dialog.Close(1130)</onback>
				<onback>ActivateWindow(1106)</onback>
				<content>
					<item>
						<label>Clean Kodi</label>
						<onclick>Dialog.Close(all)</onclick>
						<onclick>ActivateWindow(1129)</onclick>
					</item>
					<item>
						<label>Clear POV Cache</label>
						<onclick>Dialog.Close(all)</onclick>
						<onclick>PlayMedia(plugin://plugin.video.pov/?mode=clear_cache&amp;cache=all&amp;iconImage=%2Fstorage%2Femulated%2F0%2FAndroid%2Fdata%2Forg.xbmc.nexus32%2Ffiles%2F.kodi%2Faddons%2Fplugin.video.pov%2Fresources%2Fmedia%2Fsettings2.png&amp;isFolder=false)</onclick>
					</item>
				</content>
			</control>
		</control>
	</controls>
</window>
