<?xml version="1.0" encoding="UTF-8"?>
<window type="dialog" id="1135">
	<defaultcontrol always="true">9000</defaultcontrol>
	<include>Animation_DialogPopupOpenClose</include>
	<controls>
		<control type="group">
			<centerleft>50%</centerleft>
			<width>600</width>
			<centertop>60%</centertop>
			<height>700</height>
			<include content="DialogBackgroundCommons">
				<param name="width" value="600" />
				<param name="height" value="80" />
				<param name="header_label" value="Search Movies" />
				<param name="header_id" value="" />
			</include>
			<control type="panel" id="9000">
				<include>ButtonMenuList</include>
				<onback>Dialog.Close(1135)</onback>
				<onback>ActivateWindow(1107)</onback>
				<content>
					<item>
						<label>Movies</label>
						<onclick>Dialog.Close(all)</onclick>
						<onclick>PlayMedia(plugin://plugin.video.pov/?mode=get_search_term&amp;media_type=movie)</onclick>
					</item>
					<item>
						<label>Multi-Select Movie Genres</label>
						<onclick>Dialog.Close(all)</onclick>
						<onclick>PlayMedia(plugin://plugin.video.pov/?mode=navigator.multiselect_genres&amp;genre_list=%7B%22Action%22%3A+%5B%2228%22%2C+%22genre_action%22%5D%2C+%22Adventure%22%3A+%5B%2212%22%2C+%22genre_adventure%22%5D%2C+%22Animation%22%3A+%5B%2216%22%2C+%22genre_animation%22%5D%2C+%22Comedy%22%3A+%5B%2235%22%2C+%22genre_comedy%22%5D%2C+%22Crime%22%3A+%5B%2280%22%2C+%22genre_crime%22%5D%2C+%22Documentary%22%3A+%5B%2299%22%2C+%22genre_documentary%22%5D%2C+%22Drama%22%3A+%5B%2218%22%2C+%22genre_drama%22%5D%2C+%22Family%22%3A+%5B%2210751%22%2C+%22genre_family%22%5D%2C+%22Fantasy%22%3A+%5B%2214%22%2C+%22genre_fantasy%22%5D%2C+%22History%22%3A+%5B%2236%22%2C+%22genre_history%22%5D%2C+%22Horror%22%3A+%5B%2227%22%2C+%22genre_horror%22%5D%2C+%22Music%22%3A+%5B%2210402%22%2C+%22genre_music%22%5D%2C+%22Mystery%22%3A+%5B%229648%22%2C+%22genre_mystery%22%5D%2C+%22Romance%22%3A+%5B%2210749%22%2C+%22genre_romance%22%5D%2C+%22Science+Fiction%22%3A+%5B%22878%22%2C+%22genre_scifi%22%5D%2C+%22TV+Movie%22%3A+%5B%2210770%22%2C+%22genre_soap%22%5D%2C+%22Thriller%22%3A+%5B%2253%22%2C+%22genre_thriller%22%5D%2C+%22War%22%3A+%5B%2210752%22%2C+%22genre_war%22%5D%2C+%22Western%22%3A+%5B%2237%22%2C+%22genre_western%22%5D%7D&amp;menu_type=movie&amp;isFolder=false&amp;iconImage=https%3A%2F%2Fi.imgur.com%2F6QpJbS0.png)</onclick>
					</item>
					<item>
						<label>Movie Collections</label>
						<onclick>Dialog.Close(all)</onclick>
						<onclick>ActivateWindow(10025,plugin://plugin.video.pov/?action=tmdb_collections&amp;iconImage=C%3a%5cUsers%5cDESKTOP%5cAppData%5cRoaming%5cKodi%5caddons%5cplugin.video.pov%5cresources%5cmedia%5csearch_tmdb.png&amp;mode=search_history,return)</onclick>
					</item>
					<item>
						<label>IMDb Keywords</label>
						<onclick>Dialog.Close(all)</onclick>
						<onclick>PlayMedia(plugin://plugin.video.pov/?mode=get_search_term&amp;search_type=imdb_keyword&amp;media_type=movie)</onclick>
					</item>
				</content>
			</control>
		</control>
	</controls>
</window>
