<?xml version="1.0" encoding="UTF-8"?>
<includes>
    <include name="TVShowCategoryWidgetTop">
        <include content="WidgetListCategories1">
            <param name="content_path" value="plugin://plugin.video.xfavs/?name=tv_genres&amp;url=&amp;mode=submenu&amp;icon=C:\Users\DESKTOP\AppData\Roaming\Kodi\addons\plugin.video.xfavs\icon.png&amp;fanart=C:\Users\DESKTOP\AppData\Roaming\Kodi\addons\plugin.video.xfavs\fanart.jpg"/>
            <param name="widget_header" value="Genres"/>
            <param name="widget_target" value="videos"/>
            <param name="list_id" value="22009"/>
        </include>
    </include>
</includes>