<?xml version="1.0" encoding="UTF-8"?>
<includes>
	<include name="InfoWallPictureLayout">
		<param name="focused">false</param>
		<definition>
			<control type="image">
				<top>-10</top>
				<width>376</width>
				<height>380</height>
				<texture>dialogs/dialog-bg-nobo.png</texture>
				<bordertexture border="21" infill="false">overlays/shadow.png</bordertexture>
				<bordersize>20</bordersize>
			</control>
			<control type="image">
				<top>-14</top>
				<left>-4</left>
				<width>384</width>
				<height>388</height>
				<texture colordiffuse="button_focus">colors/grey.png</texture>
				<bordertexture border="21" infill="false">overlays/shadow.png</bordertexture>
				<bordersize>20</bordersize>
				<visible>$PARAM[focused]</visible>
				<include condition="$PARAM[focused]">Animation_FocusTextureFade</include>
			</control>
			<control type="image">
				<left>20</left>
				<top>10</top>
				<width>336</width>
				<height>300</height>
				<texture border="2" background="true">$VAR[InfoWallThumbVar]</texture>
				<aspectratio>keep</aspectratio>
			</control>
			<control type="label">
				<left>20</left>
				<top>318</top>
				<width>338</width>
				<textoffsetx>20</textoffsetx>
				<height>20</height>
				<align>center</align>
				<aligny>center</aligny>
				<font>font12</font>
				<label>$INFO[ListItem.Label]</label>
			</control>
		</definition>
	</include>
	<include name="InfoWallMusicLayout">
		<param name="fallback_image">DefaultFolder.png</param>
		<param name="main_label">$INFO[ListItem.Artist]</param>
		<param name="sub_label">$INFO[ListItem.Title]</param>
		<param name="single_label">$INFO[ListItem.Label]</param>
		<param name="focused">false</param>
		<definition>
			<control type="image">
				<top>0</top>
				<width>316</width>
				<height>386</height>
				<texture>dialogs/dialog-bg-nobo.png</texture>
				<bordertexture border="21" infill="false">overlays/shadow.png</bordertexture>
				<bordersize>20</bordersize>
			</control>
			<control type="image">
				<top>-4</top>
				<left>-4</left>
				<width>324</width>
				<height>394</height>
				<texture colordiffuse="button_focus">colors/grey.png</texture>
				<bordertexture border="21" infill="false">overlays/shadow.png</bordertexture>
				<bordersize>20</bordersize>
				<visible>$PARAM[focused]</visible>
				<include condition="$PARAM[focused]">Animation_FocusTextureFade</include>
			</control>
			<control type="image">
				<left>0</left>
				<top>0</top>
				<width>316</width>
				<height>316</height>
				<texture fallback="$PARAM[fallback_image]" background="true">$VAR[InfoWallThumbVar]</texture>
				<aspectratio>keep</aspectratio>
				<bordersize>20</bordersize>
			</control>
			<control type="textbox">
				<left>28</left>
				<top>289</top>
				<width>262</width>
				<height>80</height>
				<font>font12</font>
				<align>center</align>
				<aligny>center</aligny>
				<label>$PARAM[single_label]</label>
				<visible>!String.IsEqual(ListItem.DBType,album)</visible>
			</control>
			<control type="group">
				<visible>String.IsEqual(ListItem.DBType,album)</visible>
				<control type="label">
					<left>29</left>
					<top>300</top>
					<width>260</width>
					<label>$PARAM[sub_label]</label>
					<font>font10</font>
					<shadowcolor>text_shadow</shadowcolor>
					<scroll>$PARAM[focused]</scroll>
					<align>center</align>
				</control>
				<control type="label">
					<left>29</left>
					<top>328</top>
					<width>260</width>
					<label>$PARAM[main_label]</label>
					<font>font12</font>
					<shadowcolor>text_shadow</shadowcolor>
					<scroll>$PARAM[focused]</scroll>
					<align>center</align>
				</control>
			</control>
			<control type="group">
				<left>133</left>
				<top>2</top>
				<include condition="Skin.HasSetting(circle_rating) | Skin.HasSetting(circle_userrating)">RatingCircle</include>
			</control>
		</definition>
	</include>
	<include name="WideInfoWallEpisodeLayout">
		<param name="main_label">$INFO[ListItem.Title]</param>
		<param name="sub_label">$INFO[ListItem.TVShowTitle]</param>
		<param name="thumb_label">$INFO[ListItem.Season,,x]$INFO[ListItem.Episode]</param>
		<param name="fallback_image">DefaultTVShows.png</param>
		<param name="focused">false</param>
		<definition>
			<control type="image">
				<top>10</top>
				<width>416</width>
				<height>286</height>
				<texture colordiffuse="button_focus">dialogs/dialog-bg-nobo.png</texture>
				<bordertexture border="21" infill="false">overlays/shadow.png</bordertexture>
				<bordersize>20</bordersize>
			</control>
			<control type="image">
				<top>6</top>
				<left>-4</left>
				<width>424</width>
				<height>290</height>
				<texture colordiffuse="button_focus">colors/grey.png</texture>
				<bordertexture border="21" infill="false">overlays/shadow.png</bordertexture>
				<bordersize>20</bordersize>
				<visible>$PARAM[focused]</visible>
				<include condition="$PARAM[focused]">Animation_FocusTextureFade</include>
			</control>
			<!-- Widget Image -->
			<control type="image">
				<left>0</left>
				<top>10</top>
				<width>416</width>
				<height>234</height>
				<texture fallback="$PARAM[fallback_image]" background="true">$VAR[IconWallThumbVar]</texture>
				<aspectratio>scale</aspectratio>
				<bordersize>20</bordersize>
			</control>
			<control type="image">
				<left>20</left>
				<top>155</top>
				<width>376</width>
				<height>70</height>
				<texture>overlays/overlayfade.png</texture>
				<visible>!ListItem.IsParentFolder</visible>
			</control>
			<control type="label">
				<left>131</left>
				<top>195</top>
				<width>260</width>
				<label>$INFO[ListItem.Rating]</label>
				<font>font20_title</font>
				<shadowcolor>text_shadow</shadowcolor>
				<align>right</align>
			</control>

			<control type="label">
				<left>51</left>
				<top>195</top>
				<width>100</width>
				<label>$INFO[ListItem.Property(WatchedProgress)]%</label>
				<font>font20_title</font>
				<shadowcolor>text_shadow</shadowcolor>
				<align>left</align>
				<visible>$PARAM[focused] + String.IsEqual(ListItem.DBtype,episode) + !Integer.IsEqual(Container($PARAM[id]).ListItem.Property(WatchedProgress),0)</visible>
			</control>

			<control type="image">
				<left>20</left>
				<top>192</top>
				<width>32</width>
				<height>32</height>
				<texture>$VAR[WallWatchedIconVar]</texture>
			</control>
			<control type="label">
				<left>40</left>
				<top>210</top>
				<width>336</width>
				<height>80</height>
				<font>font12</font>
				<align>center</align>
				<aligny>center</aligny>
				<scroll>true</scroll>
				<label>$INFO[ListItem.Label]</label>
				<visible>Window.IsActive(videos)</visible>
			</control>
			<control type="group">
				<visible>!Window.IsActive(videos)</visible>
				<control type="label">
					<left>11%</left>
					<top>227</top>
					<width>90%</width>
					<label>$PARAM[sub_label]</label>
					<font>font12</font>
					<shadowcolor>text_shadow</shadowcolor>
					<scroll>$PARAM[focused]</scroll>
					<align>center</align>
				</control>
				<control type="label">
					<left>11%</left>
					<top>257</top>
					<width>90%</width>
					<label>$PARAM[main_label]</label>
					<font>font10</font>
					<shadowcolor>text_shadow</shadowcolor>
					<scroll>$PARAM[focused]</scroll>
					<align>center</align>
				</control>
			</control>
			<control type="progress">
					<left>20</left>
					<top>253</top>
					<width>416</width>
					<height>1</height>
					<texturebg></texturebg>
					<fadetime>200</fadetime>
					<midtexture colordiffuse="button_focus" border="3">progress/texturebg_alt_white.png</midtexture>
					<info>Container($PARAM[id]).ListItem.Property(WatchedProgress)</info>
					<visible>![$PARAM[focused]] + String.IsEqual(ListItem.DBtype,episode) + !String.IsEmpty(Container($PARAM[id]).ListItem.Property(WatchedProgress)) + !Integer.IsEqual(Container($PARAM[id]).ListItem.Property(WatchedProgress),0)</visible>
					<include condition="$PARAM[focused]">Animation_FocusTextureFade</include>
				</control>
			<control type="group">
				<left>50%</left>
				<top>8</top>
				<include condition="Skin.HasSetting(circle_rating) | Skin.HasSetting(circle_userrating)">RatingCircle</include>
			</control>
		</definition>
	</include>
	<include name="WideInfoWallMovieLayout">
		<param name="focused">false</param>
		<definition>
			<control type="group">
				<visible>String.IsEmpty(ListItem.Art(poster))</visible>
				<control type="image">
					<left>15</left>
					<top>-10</top>
					<width>290</width>
					<height>400</height>
					<texture>dialogs/dialog-bg-nobo.png</texture>
					<bordertexture border="21" infill="false">overlays/shadow.png</bordertexture>
					<bordersize>20</bordersize>
					<visible>String.IsEqual(ListItem.DBtype,tvshow)</visible>
				</control>
				<control type="image">
					<left>15</left>
					<top>-10</top>
					<width>290</width>
					<height>400</height>
					<texture colordiffuse="button_focus">colors/grey.png</texture>
					<bordersize>20</bordersize>
					<visible>$PARAM[focused]</visible>
					<include condition="$PARAM[focused]">Animation_FocusTextureFade</include>
				</control>
				<control type="textbox">
					<left>40</left>
					<top>244</top>
					<width>242</width>
					<height>120</height>
					<font>font27</font>
					<align>center</align>
					<aligny>center</aligny>
					<label>$INFO[ListItem.Label]</label>
					<autoscroll time="2000" delay="3000" repeat="5000">$PARAM[focused]</autoscroll>
					<visible>!ListItem.IsParentFolder</visible>
				</control>
				<control type="image">
					<left>24</left>
					<top>-1</top>
					<width>272</width>
					<height>270</height>
					<texture fallback="DefaultMovies.png" background="true">$INFO[ListItem.Icon]</texture>
					<aspectratio>scale</aspectratio>
					<bordersize>20</bordersize>
				</control>
			</control>
			<control type="group">
				<visible>!String.IsEmpty(ListItem.Art(poster))</visible>
				<control type="image">
          <left>-4</left>
					<top>-14</top>
          <width>443</width>
          <height>288</height>
					<texture colordiffuse="button_focus">colors/grey.png</texture>
					<bordertexture border="21" infill="false">overlays/shadow.png</bordertexture>
					<bordersize>20</bordersize>
					<visible>$PARAM[focused]</visible>
					<include condition="$PARAM[focused]">Animation_FocusTextureFade</include>
				</control>
				<control type="image">
					<!-- <left>15</left> -->
					<top>-10</top>
					<width>435</width>
					<height>280</height>
					<texture background="true">$VAR[IconWallThumbVar]</texture>
					<!-- <aspectratio aligny="center">keep</aspectratio> -->
					<bordertexture border="21" infill="false">overlays/shadow.png</bordertexture>
					<bordersize>20</bordersize>
				</control>

				


				<control type="image">
          <!-- <left>35</left>
          <top>163</top> -->
					<left>20</left>
          <top>170</top>
					<width>80</width>
					<height>80</height>
					<texture>overlays/overlay-bg.png</texture>
					<visible>Listitem.IsCollection | ListItem.IsPlaying | Integer.IsGreater(ListItem.Playcount,0)</visible>
				</control>

				<control type="image">
					<left>275</left>
					<top>170</top>
					<width>140</width>
					<height>80</height>
					<texture>overlays/overlay-bg2.png</texture>
					<visible>$PARAM[focused] + String.IsEqual(ListItem.DBtype,movie) + !Integer.IsEqual(Container($PARAM[id]).ListItem.Property(WatchedProgress),0)</visible>
					<include condition="$PARAM[focused]">Animation_FocusTextureFade</include>
				</control>

				<control type="label">
					<left>5</left>
					<top>222</top>
					<width>405</width>
					<label>$INFO[ListItem.Property(WatchedProgress)]%</label>
					<font>font20_title</font>
					<shadowcolor>text_shadow</shadowcolor>
					<align>right</align>
					<visible>$PARAM[focused] + String.IsEqual(ListItem.DBtype,movie) + !String.IsEmpty(Container($PARAM[id]).ListItem.Property(WatchedProgress)) + !Integer.IsEqual(Container($PARAM[id]).ListItem.Property(WatchedProgress),0)</visible>
					<include condition="$PARAM[focused]">Animation_FocusTextureFade</include>
				</control>


			</control>
			<control type="group">
				<visible>String.IsEqual(ListItem.DBtype,tvshow)</visible>
				<top>320</top>
				<control type="image">
					<left>20</left>
					<top>-120</top>
					<width>395</width>
					<height>50</height>
					<texture colordiffuse="CCFFFFFF">overlays/overlayfade.png</texture>
					<visible>!String.IsEmpty(ListItem.Art(poster))</visible>
					<visible>$PARAM[focused]</visible>
					<include condition="$PARAM[focused]">Animation_FocusTextureFade</include>
					
				</control>
				<control type="label">
          <left>130</left>
          <top>-100</top>
					<width>244</width>
					<label>$INFO[ListItem.Property(WatchedEpisodes)]$INFO[ListItem.Property(TotalEpisodes), / ,]</label>
					<font>font20_title</font>
					<shadowcolor>text_shadow</shadowcolor>
					<align>right</align>
					<visible>$PARAM[focused]</visible>
					<include condition="$PARAM[focused]">Animation_FocusTextureFade</include>
				</control>
				<control type="image">
          <left>384</left>
          <top>-97</top>
					<width>24</width>
					<height>24</height>
					<texture>lists/played-total.png</texture>
					<visible>$PARAM[focused]</visible>
					<include condition="$PARAM[focused]">Animation_FocusTextureFade</include>
				</control>
			</control>
			<control type="image">
        <left>20</left>
        <top>218</top>
				<width>32</width>
				<height>32</height>
				<texture>$VAR[WallWatchedIconVar]</texture>
			</control>
			<control type="group">
        <left>197</left>
				<top>-8</top>
				<include condition="Skin.HasSetting(circle_rating) | Skin.HasSetting(circle_userrating)">RatingCircle</include>
			</control>
			<control type="progress">
				<left>20</left>
				<top>227</top>
				<width>396</width>
				<height>1</height>
				<texturebg></texturebg>
				<midtexture colordiffuse="button_focus" border="3">progress/texturebg_alt_white.png</midtexture>
				<info>Container($PARAM[id]).ListItem.Property(WatchedProgress)</info>
				<visible>String.IsEqual(ListItem.DBtype,movie) + ![$PARAM[focused]] + !String.IsEmpty(Container($PARAM[id]).ListItem.Property(WatchedProgress)) + !Integer.IsEqual(Container($PARAM[id]).ListItem.Property(WatchedProgress),0)</visible>
			</control>
			<control type="progress">
				<left>20</left>
				<top>227</top>
				<width>396</width>
				<height>1</height>
				<texturebg></texturebg>
				<midtexture colordiffuse="button_focus" border="3">progress/texturebg_alt_white.png</midtexture>
				<info>Container($PARAM[id]).ListItem.Property(WatchedProgress)</info>
				<visible>![$PARAM[focused]] + Integer.IsGreater(Container($PARAM[id]).ListItem.Property(UnwatchedEpisodes),0) + !String.IsEmpty(Container($PARAM[id]).ListItem.Property(WatchedProgress)) + !Integer.IsEqual(Container($PARAM[id]).ListItem.Property(WatchedProgress),0)</visible>
			</control>
		</definition>
	</include>
	<include name="View_56_WideInfoWall">
		<control type="group">
			<include>OpenClose_Right</include>
			<!-- <left>100</left> -->
			<top>0</top>
			<visible>Control.IsVisible(56)</visible>
			<include>Visible_Right</include>
			<control type="panel" id="56">
				<left>570</left>
				<top>0</top>
				<right>15</right>
				<height>100%</height>
				<onleft>9000</onleft>
				<onright>531</onright>
				<onup condition="Integer.IsGreater(Container.NumPages,1)">56</onup>
				<onup condition="!Integer.IsGreater(Container.NumPages,1)">9000</onup>
				<ondown>56</ondown>
				<viewtype label="WideInfoWall">icon</viewtype>
				<preloaditems>2</preloaditems>
				<pagecontrol>531</pagecontrol>
				<scrolltime tween="cubic" easing="out">500</scrolltime>
				<visible>Container.Content(artists) | Container.Content(albums) | Container.Content(sets) | Container.Content(movies) | Container.Content(tvshows) | Container.Content(seasons) | Container.Content(episodes) | Container.Content(musicvideos) | Container.Content(images) | Container.Content(videos) | Container.Content(games)</visible>
				<itemlayout height="290" width="437" condition="Container.Content(movies) | Container.Content(sets) | Container.Content(tvshows) | Container.Content(seasons) | [Container.Content(musicvideos) + Skin.HasSetting(show_musicvideoposter)]">
					<control type="group">
						<left>30</left>
						<top>120</top>
						<include>WideInfoWallMovieLayout</include>
					</control>
				</itemlayout>
				<focusedlayout height="445" width="320" condition="Container.Content(movies) | Container.Content(sets) | Container.Content(tvshows) | Container.Content(seasons) | [Container.Content(musicvideos) + Skin.HasSetting(show_musicvideoposter)]">
					<control type="group">
						<depth>DepthContentPopout</depth>
						<left>30</left>
						<animation effect="zoom" start="100" end="107" time="200" tween="sine" easing="inout" center="250,270">Focus</animation>
						<animation effect="zoom" start="107" end="100" time="200" tween="sine" easing="inout" center="250,270">UnFocus</animation>
						<top>120</top>
						<include content="WideInfoWallMovieLayout">
							<param name="focused" value="true" />
						</include>
					</control>
				</focusedlayout>
				<!-- infowall spacing -->
				<itemlayout height="301" width="430" condition="Container.Content(episodes) | Container.Content(videos) | [Container.Content(musicvideos) + !Skin.HasSetting(show_musicvideoposter)]">
					<control type="group">
						<left>44</left>
						<top>110</top>
						<include content="WideInfoWallEpisodeLayout">
							<param name="focused" value="false" />
							<param name="thumb_label" value="$INFO[ListItem.Label2]" />
						</include>
					</control>
				</itemlayout>
				<focusedlayout height="301" width="430" condition="Container.Content(episodes) | Container.Content(videos) | [Container.Content(musicvideos) + !Skin.HasSetting(show_musicvideoposter)]">
					<control type="group">
						<depth>DepthContentPopout</depth>
						<animation effect="zoom" start="100" end="110" time="200" tween="sine" easing="inout" center="220,250">Focus</animation>
						<animation effect="zoom" start="110" end="100" time="200" tween="sine" easing="inout" center="220,250">UnFocus</animation>
						<left>44</left>
						<top>110</top>
						<include content="WideInfoWallEpisodeLayout">
							<param name="focused" value="true" />
							<param name="thumb_label" value="$INFO[ListItem.Label2]" />
						</include>
					</control>
				</focusedlayout>
				<itemlayout height="410" width="310" condition="Container.Content(artists) | Container.Content(albums)">
					<control type="group">
						<top>150</top>
						<left>40</left>
						<include>InfoWallMusicLayout</include>
					</control>
				</itemlayout>
				<focusedlayout height="410" width="310" condition="Container.Content(artists) | Container.Content(albums)">
					<control type="group">
						<depth>DepthContentPopout</depth>
						<animation effect="zoom" start="100" end="115" time="200" tween="sine" easing="inout" center="200,350">Focus</animation>
						<animation effect="zoom" start="115" end="100" time="200" tween="sine" easing="inout" center="200,350">UnFocus</animation>
						<top>150</top>
						<left>40</left>
						<include content="InfoWallMusicLayout">
							<param name="focused" value="true" />
						</include>
					</control>
				</focusedlayout>
				<itemlayout height="401" width="378" condition="Container.Content(images)">
					<control type="group">
						<left>0</left>
						<top>150</top>
						<include>InfoWallPictureLayout</include>
					</control>
				</itemlayout>
				<focusedlayout height="401" width="378" condition="Container.Content(images)">
					<control type="group">
						<depth>DepthContentPopout</depth>
						<left>0</left>
						<top>150</top>
						<animation effect="zoom" start="100" end="110" time="200" tween="sine" easing="inout" center="180,330">Focus</animation>
						<animation effect="zoom" start="110" end="100" time="200" tween="sine" easing="inout" center="180,330">UnFocus</animation>
						<include content="InfoWallPictureLayout">
							<param name="focused" value="true" />
						</include>
					</control>
				</focusedlayout>
			</control>
		</control>
	</include>
</includes>
