<?xml version="1.0" encoding="UTF-8"?>
<includes>
    <include name="TVShowCategoryWidgetBottom">
        <include content="WidgetListCategories2">
            <param name="content_path" value="plugin://plugin.video.pov/?name=32472&amp;iconImage=calender.png&amp;mode=navigator.years&amp;menu_type=tvshow"/>
            <param name="widget_header" value="Years"/>
            <param name="widget_target" value="videos"/>
            <param name="list_id" value="22025"/>
        </include>
    </include>
</includes>