{
    "favourites.xml": {
        "name": "Favourites",
        "setting": "savefavs",
        "path": "user_path"
    },
    "advancedsettings.xml": {
        "name": "Advanced Settings",
        "setting": "saveadvanced",
        "path": "user_path"
    },
    "sources.xml": {
        "name": "Sources",
        "setting": "savesources",
        "path": "user_path"
    },


    "plugin.video.premiumizerx": {
        "name": "PremiumizerX",
        "setting": "savedata",
        "path": "data_path"
    },
    "plugin.video.realizerx": {
        "name": "RealizerX",
        "setting": "savedata",
        "path": "data_path"
    },
    "script.module.accountmgr": {
        "name": "Account Manager",
        "setting": "savedata",
        "path": "data_path"
    },



    "plugin.video.imdb.trailers": {
        "name": "IMDb Trailers",
        "setting": "savedata",
        "path": "data_path"
    },
    "plugin.video.youtube": {
        "name": "YouTube",
        "setting": "saveyoutube",
        "path": "data_path"
    }
}