<?xml version="1.0" encoding="UTF-8" standalone="yes"?>
<addon id="script.module.maxql" name="MaxQL" version="1.0.6" provider-name="Zaxxon709">
	<requires>
		<import addon="xbmc.python" version="3.0.0"/>
	</requires>
	<extension point="xbmc.python.pluginsource" library="addon.py">
		<provides>executable</provides>
	</extension>
	<extension point="xbmc.addon.metadata">
		<summary lang="en_GB">Max Resolution Editor</summary>
		<description lang="en_GB">Set supported add-ons to either 1080P or 4K max</description>
		<disclaimer lang="en_GB">This Addon contains no content</disclaimer>
		<language>en</language>
		<platform>all</platform>
		<license>GPL-2.0-or-later</license>
		<forum></forum>
		<website></website> 
		<email></email>
		<source></source>
		<news>
1.0.6 - Added chains genocide and Quicksilver.
1.0.5 - Initial Release. 
		</news>
		<assets>
			<icon>icon.png</icon>
			<fanart>fanart.jpg</fanart>
		</assets>
	</extension>
</addon>