<?xml version="1.0" encoding="UTF-8"?>
<addon id="skin.povDV" version="1.0.0" name="POVskin DV"
	provider-name="phil65, Ichabod Fletchman, Ivar Brandt, Zaxxon709">
	<requires>
		<import addon="xbmc.gui" version="5.16.0" />
	</requires>
	<extension point="xbmc.gui.skin" debugging="false">
		<res width="1920" height="1440" aspect="4:3" default="false" folder="xml" />
		<res width="1920" height="1280" aspect="3:2" default="false" folder="xml" />
		<res width="1920" height="1200" aspect="16:10" default="false" folder="xml" />
		<res width="2040" height="1080" aspect="17:9" default="false" folder="xml" />
		<res width="1920" height="1080" aspect="16:9" default="true" folder="xml" />
		<res width="2560" height="1080" aspect="21:9" default="false" folder="xml" />
		<res width="2338" height="1080" aspect="19.5:9" default="false" folder="xml" />
		<res width="2160" height="1080" aspect="18:9" default="false" folder="xml" />
	</extension>
	<extension point="xbmc.addon.metadata">
		<platform>all</platform>
		<license>CC BY-SA 4.0, GNU GENERAL PUBLIC LICENSE Version 2.0</license>
		<forum>http://forum.kodi.tv/</forum>
		<source>https://github.com/xbmc/skin.estuary/</source>
		<assets>
			<icon>resources/icon.png</icon>
			<fanart>resources/fanart.jpg</fanart>
		</assets>
		<summary lang="en_GB">POV skin (Estuary MOD)</summary>
		<description lang="en_GB">POV skin is a modified version of the default Estuary skin for Kodi Nexus. It is intended for use only with POV.[CR][CR]See [B]changelog[/B] located in Skin settings menu for latest changes.</description>
		<disclaimer lang="en_GB">Estuary is the default skin for Kodi, removing it may cause issues</disclaimer>
	</extension>
</addon>